{
  "Total" : {
    "transaction" : "Total",
    "sampleCount" : 20,
    "errorCount" : 0,
    "errorPct" : 0.0,
    "meanResTime" : 4.6,
    "medianResTime" : 4.0,
    "minResTime" : 1.0,
    "maxResTime" : 24.0,
    "pct1ResTime" : 7.900000000000002,
    "pct2ResTime" : 23.19999999999999,
    "pct3ResTime" : 24.0,
    "throughput" : 4.491354143274197,
    "receivedKBytesPerSec" : 1.285123792948574,
    "sentKBytesPerSec" : 0.9166923983831125
  },
  "HTTP Request" : {
    "transaction" : "HTTP Request",
    "sampleCount" : 20,
    "errorCount" : 0,
    "errorPct" : 0.0,
    "meanResTime" : 4.6,
    "medianResTime" : 4.0,
    "minResTime" : 1.0,
    "maxResTime" : 24.0,
    "pct1ResTime" : 7.900000000000002,
    "pct2ResTime" : 23.19999999999999,
    "pct3ResTime" : 24.0,
    "throughput" : 4.491354143274197,
    "receivedKBytesPerSec" : 1.285123792948574,
    "sentKBytesPerSec" : 0.9166923983831125
  }
}